{
  "anchorMs": 1777522836795,
  "comboCount": 64,
  "best": {
    "GRAD1_SELL_Z_MIN": 0.8,
    "GRAD1_SELL_WIN_DAYS": 105,
    "MACRO_NRG_WIN_DAYS": 175,
    "MACRO_DYN_PCT_MAX": 27.0,
    "MACRO_GRAD_WIN_DAYS": 90,
    "MACRO_SELL_RELAX_PCT": 5.0,
    "trades": 400,
    "netPctVsHodl": 209.929067,
    "simValue": 14406.894525,
    "benchValue": 4648.448966,
    "lifecycleEdgeScore": 293.300808,
    "scoreMetric": 293.300808,
    "mdd": 0.700316,
    "cagr": 0.147995,
    "sharpe4w": 0.608661,
    "sortino4w": 0.821146,
    "sharpe13w": 0.549764,
    "sortino13w": 0.699262
  },
  "stats": {
    "GRAD1_SELL_Z_MIN": 0.8,
    "GRAD1_SELL_WIN_DAYS": 105,
    "MACRO_NRG_WIN_DAYS": 175,
    "MACRO_DYN_PCT_MAX": 27.0,
    "MACRO_GRAD_WIN_DAYS": 90,
    "MACRO_SELL_RELAX_PCT": 5.0,
    "trades": 400,
    "netPctVsHodl": 209.929067,
    "simValue": 14406.894525,
    "benchValue": 4648.448966,
    "lifecycleEdgeScore": 293.300808,
    "scoreMetric": 293.300808,
    "mdd": 0.700316,
    "cagr": 0.147995,
    "sharpe4w": 0.608661,
    "sortino4w": 0.821146,
    "sharpe13w": 0.549764,
    "sortino13w": 0.699262
  }
}
